code,system
Q40y000,readv2
Qyu4800,readv2
Q40W.00,readv2
Q40y.00,readv2
Qyu4100,readv2
Q40yz00,readv2
Q408500,readv2
Q408400,readv2
Q40y100,readv2
Q40A200,readv2
Q40A100,readv2
Q40A.00,readv2
Qyu4200,readv2
Q408200,readv2
Q40A300,readv2
Q40A000,readv2
Q408600,readv2
Q40y011,readv2
Q40y200,readv2
Q40y012,readv2
Q40z.00,readv2
68665.0,readv2
22031.0,readv2
47693.0,readv2
66780.0,readv2
55606.0,readv2
99123.0,readv2
98669.0,readv2
54637.0,readv2
13303.0,readv2
98366.0,readv2
60617.0,readv2
96711.0,readv2
39324.0,readv2
39691.0,readv2
3613.0,readv2
96710.0,readv2
67438.0,readv2
110079.0,readv2
56336.0,readv2
6097.0,readv2
93976.0,readv2
P36,readv2